"3",3.26,0.829,1.676,0,1,1.453
"2",2.189,0.58,0.863,0,0,1.348
"2",2.125,0.638,0.831,0,0,1.348
"2",3.027,0.331,1.472,1,0,1.807
"5",2.094,0.827,0.86,0,0,1.886
"1",3.222,0.331,2.177,0,0,0.706
"3",3.179,0,1.063,0,0,2.942
"2",3,0,0.938,1,0,2.851
"4",2.62,0.499,0.99,0,0,2.942
"2",2.834,0.134,0.95,0,0,1.591
"2",2.405,0.134,0.843,0,0,1.769
"1",2.728,0.223,0.953,0,0,1.591
"3",2.512,0.223,0.929,1,0,1.769
"2",2.834,0.134,1.237,0,0,1.859
"1",2.819,0.331,1.271,0,1,0.981
"1",2.126,0.251,1.114,0,0,0.143
"1",2.834,0.134,1.322,0,0,1.199
"1",3.014,0.56,1.781,0,0,-0.115
"1",3.024,0.452,2.698,0,0,1.107
"3",3.036,0.405,1.205,1,0,1.807
"2",2.707,0.972,1.889,0,3,-1.169
"5",2.978,1.246,1.103,0,1,3.988
"5",3.111,0.732,0.923,0,0,4.068
"4",3.315,0.223,0.96,0,0,3.395
"4",2.71,0.93,0.724,0,0,2.526
"3",3.326,0.647,0.986,0,1,3.112
"2",3.332,0.134,1.294,0,0,2.51
"2",3.896,0.134,1.984,0,0,2.591
"1",3.155,0.638,2.128,0,0,-0.937
"3",2.479,0.887,0.954,0,0,1.748
"5",1.075,1.161,0.865,0,1,0.024
"2",3.645,0.223,1.155,0,0,2.837
"1",3.079,0.429,2.135,0,0,-0.521
"2",3.332,0.134,1.519,0,0,2.242
"1",2.726,0.496,1.179,0,1,1.06
"3",3.532,0.134,1.11,0,0,2.813
"5",4.216,0.223,1.248,0,0,5.089
"4",3.605,0,1.15,0,0,3.562
"4",2.918,0.223,0.944,3,0,2.066
"1",3.833,0.405,1.522,0,1,3.492
"2",3.669,0.223,1.599,0,0,2.274
"2",2.824,0.223,1,1,0,2.102
"4",2.233,0.64,0.92,1,0,2.37
"2",3.103,0.134,1.344,0,0,1.533
"5",4.413,0.56,1.17,1,2,3.906
"1",3.641,0.331,1.933,0,1,1.565
"3",3.073,0.693,1.851,0,2,0.787
"3",3.012,0.223,1.023,0,0,2.193
"5",3.818,0.693,1.627,2,2,2.217
"4",4.171,0.693,1.678,0,2,2.849
"3",3.734,0.223,1.45,2,1,2.642
"4",3.734,0.223,1.374,2,2,2.642
"5",2.126,0.977,0.771,0,0,3.795
"2",2.216,0.679,0.764,0,0,2.296
"3",3.179,0,1.063,0,0,2.942
"3",2.62,0.499,0.99,0,0,3.21
"3",2.728,0.223,0.953,0,0,1.859
"4",2.126,0.83,0.899,0,0,3.478
"2",2.216,0.582,0.839,0,0,2.127
"4",2.086,0.64,0.838,0,0,2.127
"1",2.834,0.134,0.95,0,0,1.859
"5",2.126,0.405,0.917,4,2,0.411
"4",3.08,0.405,1.609,1,1,1.619
"3",1.636,0.64,1.695,0,0,0.408
"2",2.219,0.604,1.537,0,0,2.026
"5",1.594,0.223,1.333,2,0,0.094
"2",1.818,0.499,1.468,1,0,1.672
"1",1.5,0.83,1.891,0,0,1.817
"2",1.512,0.64,1.844,0,0,0.347
"1",2.56,0.134,1.758,0,0,0.347
"1",1.818,0.134,1.445,0,0,0.202
"2",1.359,0.134,1.13,1,0,0.094
"4",0.667,0.582,1.361,0,0,0.202
"1",2.333,0.251,1.946,0,0,-1.053
"5",2.026,0.223,1.429,1,0,0.202
"4",1.594,0.223,1.068,0,0,0.202
"3",0.965,0.64,1.695,1,0,0.202
"1",1.951,0.405,1.878,0,0,-1.053
"1",1,0.405,1.5,2,0,-1.306
"1",1.512,0.331,1.627,1,0,-0.386
"1",3.219,0.405,1.605,0,0,0.706
"3",3.74,0.134,1.581,0,0,2.274
"3",3.669,0.486,1.374,0,0,3.291
"5",3.57,1.374,2.259,0,0,2.05
"4",5.926,0.134,1.671,0,0,6.203
"3",3.802,0.405,1.527,1,0,1.869
"1",2.802,0.223,1.6,0,1,1.064
"2",2.242,1.096,1.907,0,1,-1.96
"2",1.94,0.749,1.066,0,0,1.492
"2",2.126,0.405,1.69,1,1,0.479
"1",3.08,0.223,1.583,0,1,1.442
"1",3.277,0.223,1.869,0,0,1.587
"3",3.179,0,1.063,0,0,2.942
"2",2.728,0.223,0.953,0,0,1.859
"3",2.62,0.499,0.99,0,0,3.21
"3",2.216,0.582,0.839,0,0,2.127
"2",2.834,0.134,0.95,0,0,1.859
"2",2.359,0.405,0.814,0,0,0.893
"3",2.565,0.693,1.987,0,2,0.057
"4",2.085,1.079,0.895,0,0,4.063
"3",2.26,0.604,0.836,0,0,3.045
"2",2.91,0,1,0,0,2.608
"1",2.512,0.134,1.293,0,0,0.846
"2",2.26,0.499,0.907,0,0,2.876
"1",3.08,0.223,1.385,0,0,1.195
"1",2.866,0.223,1.333,0,1,1.05
"2",2.386,0.223,0.857,0,0,1.506
"1",2.512,0.134,1.293,0,0,0.846
"1",3.509,0.854,1.478,0,0,2.248
"1",2.98,0.251,2.261,0,0,-0.063
"1",2.512,0.134,1.293,0,0,0.846
"1",2.98,0.251,1.959,0,0,-0.063
"3",3.462,0.405,1.717,0,1,2.06
"2",2.755,0.405,1.559,0,1,0.996
"2",2.755,0.405,1.844,0,1,0.996
"4",2.024,0.977,1.328,0,0,2.604
"2",2.609,0.604,1.529,0,0,2.419
"1",2.878,0.134,1.684,0,0,0.8
"1",1.961,0.134,1.215,1,0,0.548
"1",2.665,0.251,1.762,0,0,-0.534
"4",1.251,0.251,1.126,0,0,-0.786
"1",2.377,0.331,2.111,0,0,-0.534
"1",2.366,0.405,2.606,0,0,-0.128
"1",2.878,0.134,2.102,0,0,0.8
"1",1.961,0.134,1.27,0,0,0.156
"1",2.462,0.223,1.669,0,0,0.408
"2",1.778,0.223,1.203,0,0,0.156
"4",3.609,0.811,1.189,0,0,3.291
"1",3.316,0.223,1.571,0,1,1.795
"3",2,0.693,1.128,2,2,-0.45
"4",4.171,0.693,1.678,0,2,2.849
"1",3.316,0.223,1.571,0,1,1.795
"4",3.441,0,1.667,0,0,3.516
"2",2.429,0.83,1.696,0,0,2.604
"1",3.143,0.134,1.641,0,0,1.209
"3",2.802,0.223,1.6,1,0,1.064
"2",2.126,0.405,1.127,0,0,-0.226
"1",2.709,0.331,2.072,0,0,-0.081
"1",2.701,0.405,2.003,0,0,-0.081
"2",3.252,0,1.417,0,0,3.124
"1",2.111,0.134,1.253,0,0,0.468
"1",2.085,0.56,2.451,0,0,-0.544
"2",3.361,0.223,1.437,1,2,2.021
"2",3.52,0.223,1.562,0,1,2.129
"2",3.014,0.56,1.987,0,1,0.538
"4",3.181,0.604,1.52,0,0,3.126
"2",3.369,0.134,1.614,0,0,1.587
"2",3.277,0.223,1.633,0,0,1.587
"3",2.507,0.405,1.5,2,0,0.076
"5",3.277,0.486,1.416,0,0,2.604
"1",2.67,0.496,2.047,0,0,-0.917
"1",2.704,0.56,1.965,0,0,-0.917
"3",3.277,0.486,1.343,0,0,2.604
"3",3.566,0.134,1.595,0,0,1.94
"1",2.594,0.251,1.287,0,0,0.454
"2",3.485,0.223,1.614,0,0,1.94
"3",3.316,0.223,1.571,1,0,1.795
"5",3.596,0.604,1.515,0,0,4.673
"4",3.74,0.134,1.581,0,0,3.186
"3",3.669,0.223,1.599,0,0,3.186
"1",3.199,0.56,2.033,0,0,-0.129
"2",2.57,1.028,2.137,0,0,1.466
"2",3.641,0.405,1.531,0,1,3.289
"4",4.005,0.223,1.545,0,1,3.953
"4",3.896,0.134,1.571,0,0,3.503
"1",3.201,0.693,2.004,0,0,-0.937
"4",3.98,0.223,1.578,0,0,3.806
"5",4.114,0.223,1.571,0,0,4.098
"5",4.237,0.223,1.565,0,0,4.379
"2",4.63,0.405,1.458,2,1,5.579
"1",2.456,0.331,1.259,0,1,0.496
"3",2.536,0.764,1.165,0,1,2.619
"4",3.461,0.223,1.281,0,0,2.813
"2",2.641,0.496,1.077,0,1,1.697
"4",3.38,0.638,1.506,0,1,1.57
"1",2.544,0.223,1.245,0,0,1.064
"1",1.279,1.16,1.714,0,0,1.209
"5",2.572,1.834,1.35,0,2,3.115
"5",3.222,1.501,0.872,0,0,5.149
"5",3.728,0.956,1.17,0,0,4.789
"3",3.358,1.348,1.328,0,0,1.89
"5",2.96,0.88,1.53,1,1,0.787
"1",4.81,0.693,1.42,0,2,5.426
"5",3.311,0.56,0.927,0,1,3.461
"3",3.023,0.56,1.168,0,1,2.294
"5",2.585,1.586,0.917,0,0,5.207
"4",1.925,1.318,0.595,0,0,3.764
"4",2.454,1.075,0.951,0,0,2.359
"3",2.508,0.58,0.941,0,0,1.701
"2",2.222,0.711,0.849,0,0,0.828
"3",3.389,0.223,0.849,0,1,3.587
"4",2.031,0.891,0.822,0,0,2.956
"5",1.965,1.408,0.709,0,0,2.736
"1",3.351,0.496,1.466,0,0,1.097
"3",3.452,0.331,1.476,1,0,2.402
"5",4.288,0.865,1.327,0,0,4.295
"3",2.359,0.405,0.814,0,0,0.893
"4",2.085,1.079,0.895,0,0,4.063
"3",1.962,0.934,0.819,0,0,2.729
"5",3.041,0.947,1.298,0,1,1.976
"3",2.377,0.827,0.938,0,0,2.239
"2",3.023,0.56,1.168,1,0,1.239
"2",2.777,0.56,1.127,1,0,0.922
"2",2.218,0.923,1.074,0,0,0.291
"2",3.103,0.134,1.521,0,0,2.193
"3",1.822,0.829,0.834,0,0,2.509
"4",3.459,1.47,1.483,0,2,0.491
"3",2.442,1.211,2.254,0,0,1.401
"3",1.945,0.889,0.835,0,0,1.969
"3",3.315,0.223,1.1,1,0,2.723
"4",2.868,1.286,1.294,0,0,1.919
"4",2.971,0.859,2.162,0,0,2.273
"4",3.378,0.134,0.988,0,0,3.395
"1",2.961,0.405,1.189,0,0,1.312
"2",3.52,0.223,1.562,1,0,2.129
"3",3.012,0.223,1.023,0,0,2.193
"1",2.778,0.405,1.17,1,0,1.49
"3",3.08,0.223,1.583,1,0,1.442
"2",3.281,0.693,1.808,0,2,1.121
"5",2.359,0.405,0.814,0,0,0.893
"1",2.026,0.223,1.667,1,0,0.202
"1",2.507,0.405,1.5,0,2,0.076
"3",3.462,0.405,1.717,0,1,2.06
"2",2.462,0.223,1.625,1,0,0.655
"3",3.026,0.405,1.787,0,1,1.373
"1",2.429,0.405,1.954,0,0,-0.473
"2",2.836,0.693,1.43,0,2,0.434
"5",4.285,0.134,1.551,0,0,4.379
"1",2.534,0.872,1.619,0,0,-1.186
"4",4.077,0.956,1.909,0,0,3.234
"1",3.137,0.405,1.312,0,2,0.749
"1",2.034,0.64,1.727,0,0,0.8
"1",2.034,0.331,1.56,0,1,0.133
"3",1.667,1.278,1.5,0,2,2.459
"3",2.283,1.07,1.223,0,0,1.112
"2",3.164,0.223,0.909,0,0,2.455
"5",3.03,1.821,1.027,0,2,5.469
"5",2.031,0.872,1.475,0,1,0.202
"5",4.216,0.223,1.248,0,0,4.177
"1",2.119,0.923,1.179,0,1,0.982
"3",3.914,0.56,1.637,0,1,3.048
"5",3.542,1.38,1.264,0,0,1.971
"2",3.102,0.693,1.316,0,2,2.005
"2",3.393,1.292,2.122,0,3,1.595
"4",3.191,0.223,0.847,0,0,2.859
"5",2.639,1.462,0.83,0,0,5.206
"5",2.47,1.437,1.346,2,2,1.821
"5",2.164,1.437,1.227,0,2,2.573
"4",3.247,0.638,0.889,0,1,2.922
"4",4.255,1.695,1.087,0,0,2.294
"2",3.629,0.331,1.478,0,1,2.821
"5",3.08,0.827,1.079,2,0,1.155
"4",3.012,0.223,0.76,0,0,2.637
"4",2.374,1.16,0.979,0,1,3.818
"5",2.855,1.331,1.325,0,2,0.454
"1",2.024,0.405,1.605,0,1,0.133
"1",3.739,0,1.25,1,2,3.267
"2",3.426,0.693,1.488,0,1,1.294
"1",2.878,0.134,1.684,0,0,0.8
"5",4.785,1.263,1.471,1,4,2.749
"1",3.286,0.357,2.104,0,0,-0.521
"4",2.507,0.405,1.652,1,1,0.888
"5",2.857,0.973,1.838,0,2,1.121
"4",3.924,0.693,1.707,0,2,2.314
"3",3.601,0.223,1.35,3,2,2.545
"3",3.634,0.693,1.747,0,2,1.742
"1",1.968,0.331,1.891,0,0,-1.053
"1",2.429,0.405,1.927,0,1,0.586
"1",3.029,0.331,1.847,0,0,0.314
"4",3.605,0,1.15,0,0,3.562
"2",2.024,0.83,1.761,0,0,2.226
"1",3.026,0.405,1.548,0,1,1.373
"4",3.462,0.405,1.717,0,1,2.06
"2",3.669,0.223,1.778,0,0,2.274
"5",2.9,1.275,0.913,0,1,3.574
"4",3.832,0.223,1.587,0,0,3.503
"5",4.285,0.134,1.71,0,0,3.467
"5",3.164,2.044,0.83,0,1,4.912
"2",3.332,0.134,1.294,0,0,2.242
"2",2.344,0.582,1.59,0,0,1.467
"1",3.353,0.854,1.944,0,0,1.297
"5",2.993,0.811,1.232,0,2,-0.059
"3",2.914,0.798,0.975,0,1,2.715
"2",3.111,0.331,1.011,0,1,2.042
"4",2.777,0.56,1.127,1,0,1.433
"4",3.188,1.182,1.244,0,1,1.845
"1",3.134,0.223,1.319,0,0,1.795
"5",3.514,0.134,1.07,1,0,3.315
"3",3.436,0.331,0.951,0,0,2.786
"3",2.217,0.872,0.875,0,0,1.769
"1",3.219,0.405,1.605,0,0,0.706
"4",3.645,0.223,1.155,0,0,3.105
"2",2.685,0.405,1.145,0,0,1.246
"2",2.685,0.405,1.145,0,0,1.246
"2",2.961,0.405,1.388,0,0,1.58
"1",3.52,0.223,1.59,0,0,1.882
"4",4.029,0.965,1.729,0,0,4.038
"1",1.883,0.711,1.162,0,0,0.602
"5",3.432,0.638,1.385,0,1,1.459
"1",3.369,0.134,1.614,0,0,1.587
"5",3.323,1.232,1.134,0,0,4.207
"4",3.73,0.829,1.562,0,1,3.182
"1",1.831,1.182,1.901,0,2,0.158
"5",4.141,0.134,1.22,0,0,4.833
"1",3.035,0.223,1.941,0,0,1.209
"4",3.461,0.223,1.12,0,0,2.813
"5",3.867,0,1.4,2,0,3.659
"2",1.713,1.098,1.752,0,0,-0.297
"4",2.441,0.88,1.54,0,2,0.057
"1",1.634,0.713,1.19,0,0,1.313
"5",3.13,0.429,0.88,0,0,2.679
"4",1.886,1.153,0.523,0,0,2.938
"3",1.886,1.115,0.653,0,0,2.646
"5",3.684,1.275,1.072,0,1,4.764
"4",4.461,0.405,1.139,0,1,4.548
"3",3.087,0.223,0.96,1,0,2.42
"5",3.822,0,1.125,1,0,4.044
"5",3.113,1.593,1.319,1,1,4.038
"1",2.565,0.452,1.529,0,0,0.242
"5",2.217,0.845,0.793,1,0,2.429
"5",2.95,1.772,1.351,0,4,3.11
"4",3.402,0.496,1.45,1,0,2.345
"4",3.618,0.842,1.686,0,2,1.661
"4",3.613,1.336,0.839,0,0,2.459
"5",3.739,0,1.204,0,1,3.374
"5",2.251,1.501,1.197,0,0,4.19
"5",2.454,1.075,0.951,0,0,2.359
"1",2.216,0.582,1.287,0,0,1.467
"5",3.323,1.232,1.134,0,0,4.207
"5",2.126,0.83,1.455,0,1,2.459
"3",1.886,0.988,0.764,0,0,2.343
"3",3.175,0.859,2.095,0,0,2.59
"4",3.641,1.192,1.481,0,1,3.16
"3",2.019,1.317,1.288,0,0,2.689
"5",3.709,1.371,1.478,0,1,3.909
"4",2.479,0.887,0.954,0,0,1.748
"2",3.559,0.223,1.36,0,0,2.446
"5",4.05,0.693,1.381,0,2,3.618
"4",3.24,0.56,0.889,0,0,2.214
"5",4.829,0.331,1.521,4,4,4.57
"1",2.079,0.988,0.836,0,1,2.481
"4",4.037,0.134,1.563,0,0,3.806
"3",2.137,0.223,1.179,0,0,0.655
"4",3.421,0.58,1.7,0,1,1.57
"4",1.279,1.327,1.284,0,0,2.2
"4",3.252,0.499,0.832,0,0,4.416
"4",3.252,0.499,0.832,0,0,4.416
"5",3.739,0,0.7,0,0,4.76
"1",2.591,0.331,1.629,0,0,0.874
"2",2.118,0.956,1.643,0,0,-2.03
"5",3.274,1.214,1.011,0,0,3.311
"2",2.544,0.223,1.245,0,0,1.064
"4",2.08,0.764,0.788,0,0,1.514
"2",2.8,0.693,1.091,0,1,1.437
"3",3.9,0.429,1.572,0,1,2.297
"3",3.177,0.918,1.919,0,0,2.031
"5",2.111,1.477,1.298,0,0,3.225
"4",3.609,0.811,1.208,0,0,3.291
"3",3.261,0.331,2.047,0,1,0.915
"3",3.38,0.702,1.527,0,1,1.579
"3",2.818,0.88,1.488,0,0,1.182
"3",2.442,0.934,0.984,0,1,3.259
"3",3.63,0.134,1.476,0,0,3.358
"5",4.535,0.56,1.137,1,2,4.332
"4",3.756,0,0.964,0,0,4.23
"2",2.198,0.798,0.79,0,1,2.056
"3",3.159,0.965,1.584,0,2,1.121
"4",2.862,1.031,1.828,0,3,-0.463
"5",4.121,0.829,1.551,0,1,3.913
"3",2.309,0.907,0.871,0,0,3.046
"2",3.69,0.223,1.062,0,0,2.726
"3",3.282,0.56,1.749,0,2,1.117
"2",3.465,2.171,0.888,0,0,6.515
"3",3.252,0.223,1.077,0,0,2.51
"5",4.085,0.134,1.482,0,0,4.234
"2",2.726,0.496,1.108,0,1,1.06
"2",2.079,0.988,0.836,0,1,2.481
"3",3.867,0.134,1.174,0,0,3.386
"2",3.33,0.56,1.555,0,2,1.042
"4",2.304,1.028,1.124,0,0,2.433
"5",3.691,0.711,1.073,0,2,1.746
"4",3.323,0.405,1.17,0,2,2.592
"4",3.501,0.405,1.585,1,1,2.27
"2",2.594,0.251,0.861,0,0,1.68
"5",3.38,0.874,0.903,0,1,3.184
"4",3.332,0.134,0.909,0,0,3.051
"3",3.578,0.496,1.406,0,1,2.391
"3",2.857,1.421,2.282,0,0,2.357
"3",2.634,0.223,0.939,0,0,1.834
"5",2.836,1.86,1.046,0,2,4.452
"3",3.179,0,0.805,0,0,2.994
"2",3.588,0.251,1.506,0,0,1.564
"1",3.026,0.251,2.164,0,0,0.314
"5",3.739,0,1.161,0,0,4.431
"2",2.955,0.331,1.313,0,0,0.652
"5",1.844,1.275,0.804,0,0,3.109
"5",4.395,0.134,1.546,0,0,4.651
"4",3.128,0.713,0.797,0,1,4.017
"3",2.417,1.028,1.162,0,1,3.19
"5",3.055,1.273,1.132,0,0,2.931
"5",2.624,1.621,1.502,0,0,3.213
"4",3.436,1.225,1.839,0,0,2.054
"1",2.423,0.949,1.15,0,0,1.94
"2",2.548,0.947,1.051,1,0,1.66
"4",2.647,1.286,1.278,0,0,1.602
"5",3.196,1.38,1.234,0,0,1.321
"4",3.378,1.38,1.25,0,0,1.654
"5",2.396,1.593,1.351,0,0,3.32
"4",1.983,1.714,2.105,0,0,2.358
"2",4.086,0.452,1.843,0,0,0.37
"4",3.353,0.405,1.418,1,1,1.878
"5",3.174,1.586,0.91,2,2,5.361
"3",3.567,0.711,1.501,1,3,1.759
"3",3.591,0.58,1.685,0,1,1.851
"3",3.81,1.025,1.055,0,2,0.215
"3",3.311,0.972,2.208,0,3,-0.165
"5",0.667,1.03,0.906,0,0,1.064
"3",3.979,1.306,1.404,0,1,5.176
"5",2.862,1.54,1.226,0,0,3.896
"4",2.183,0.93,0.846,0,0,1.395
"3",2.74,1.04,1.603,0,1,2.646
"5",3.001,0.651,0.781,0,0,4.203
"5",3.378,1.38,1.25,0,0,1.654
"4",3.55,1.182,1.624,0,0,2.433
"5",4.311,1.496,0.964,0,0,3.522
"2",3.587,0.675,2.108,0,0,2.527
"5",2.893,1.236,0.907,0,0,3.842
"5",3.898,0.887,1.45,0,0,4.066
"3",3.675,1.718,1.248,0,0,3.167
"1",2.817,1.012,1.521,0,3,-1.169
"2",3.937,0.762,1.708,0,0,1.145
"5",1.965,1.028,0.762,0,0,2.116
"1",2.819,0.732,1.483,0,0,1.717
"5",2.019,1.317,0.77,0,0,3.617
"3",1.822,0.681,0.794,0,0,2.335
"5",2.928,1.131,0.908,0,2,3.508
"3",2.479,0.887,0.954,0,0,1.748
"5",3.793,0.134,0.93,0,0,4.054
"4",3.38,1.749,1.135,0,1,3.305
"5",4.181,0.57,1.383,0,0,4.379
"2",2.297,0.762,0.798,0,0,2.841
"4",2.206,1.3,1.36,0,0,2.371
"5",3.407,1.548,1.653,0,0,1.145
"5",1.844,1.275,0.804,0,0,3.109
"3",2.216,0.389,0.796,0,0,1.953
"5",4.372,0.134,1.254,0,0,5.339
"5",3.065,1.079,0.825,0,0,5.472
"5",1.786,0.702,1.081,0,0,-1.265
"1",1.883,0.916,1.207,0,1,1.188
"2",2.11,0.773,0.773,0,1,2.57
"3",1.975,0.802,0.775,1,0,2.799
"3",3.629,0.223,0.802,0,0,3.571
"3",2.309,0.907,0.871,0,0,3.046
"3",3.316,0.223,1.571,1,0,1.795
"5",4.223,0.638,1.117,0,1,3.557
"5",3.333,0.405,0.963,1,0,2.974
"4",3.749,0.331,1.278,0,0,2.773
"3",3.351,0.797,2.456,2,0,-0.197
"5",3.098,0.93,1.075,0,0,2.702
"4",3.734,0.223,1.374,0,0,3.661
"5",3.073,1.493,1.279,0,0,3.737
"5",3.249,2.071,1.327,0,0,3.948
"4",2.137,0.223,1.375,3,0,0.548
"4",4.247,0.58,1.36,2,1,3.062
"3",2.375,1.026,1.09,0,1,2.553
"1",1.634,0.713,1.19,0,0,1.313
"2",2.309,0.762,0.845,1,0,1.091
"3",3.219,0.811,1.127,0,0,2.604
"4",4.205,1.512,1.046,0,2,2.11
"1",2.24,0.405,1.203,0,0,-0.316
"4",2.233,0.46,0.789,1,0,2.206
"2",3.24,0.693,1.487,1,0,1.002
"2",2.297,0.762,0.798,0,0,2.841
"5",2.374,0.811,0.817,1,0,2.841
"2",2.568,0.389,1.012,0,0,2.296
"2",3.734,0.223,1.282,0,0,2.502
"2",3.601,0.223,1.254,0,1,2.357
"2",3.08,0.405,1.609,0,2,1.619
"2",3.734,0.223,1.426,0,0,2.502
"5",4.532,0.405,1.189,1,4,4.639
"3",4.324,0,1.205,0,1,4.738
"2",3.08,0.223,1.462,1,0,1.442
"1",3.073,0.693,1.438,0,2,0.787
"5",1.962,1.345,0.783,0,0,3.617
"2",3.386,0.251,1.225,0,0,1.586
"2",2.448,0.638,0.921,0,0,1.701
"3",3.25,0,0.95,0,0,3.259
"2",2.824,0.223,1.051,0,0,1.801
"1",3.134,0.223,1.193,0,0,1.548
"3",3.11,0,1.079,2,0,2.42
"1",2.309,0.762,1.118,0,2,-0.129
"1",3.2,0.711,1.235,0,3,0.779
"5",3.337,1.443,0.913,0,0,6.166
"4",2.077,1.236,0.829,0,1,3.458
"3",2.086,0.331,1.221,1,0,0.143
"2",3.7,0.223,1.556,0,1,2.446
"2",0.965,0.732,1.359,0,1,0.435
"3",2.183,0.93,0.846,0,0,1.395
"1",2.031,0.496,1.952,0,1,-0.703
"1",2.428,0.956,2.609,0,0,0.113
"4",3.871,0.829,1.558,0,1,3.026
"3",3.046,0,1.333,0,2,2.352
"4",4.532,0.405,1.189,2,3,4.639
"4",2.238,1.513,2.078,0,0,0.489
"1",2.841,0.88,1.705,0,3,0.226
"5",4.031,1.113,1.106,1,2,4.579
"4",2.479,0.887,0.954,0,0,1.748
"3",3.252,0.223,1.077,0,0,2.51
"5",2.094,0.827,0.86,0,0,1.886
"2",2.728,0.134,0.923,0,0,2.102
"2",2.824,0.223,1,1,0,2.102
"4",2.971,0.972,1.255,0,2,2.052
"1",2.477,0.405,0.876,0,1,1.7
"4",1.977,1.112,0.881,0,0,2.37
"4",2.439,0.93,0.924,0,0,1.748
"3",3.049,0.762,1.258,0,2,1.996
"4",3.78,0,1.182,0,0,3.854
"2",3.219,0.811,1.151,0,0,2.604
"1",2.495,0.56,0.835,0,1,1.643
"1",3.026,0.405,1.787,0,1,1.373
"2",2.875,0.582,2.311,0,0,1.587
"3",2.126,0.83,0.899,0,0,3.478
"4",1.639,0.83,1.445,2,0,2.081
"4",3.669,0.486,1.374,0,0,3.291
"4",3.609,0.811,1.208,0,0,3.291
"4",2.33,0.932,0.931,0,1,2.529
"1",2.542,0.429,1.891,0,0,0.562
"1",2.456,0.331,0.875,0,1,1.294
"4",3.18,1.281,1.246,0,0,2.492
"4",2.482,1.303,1.415,0,0,0.575
"2",2.719,0.891,2.292,0,0,1.94
"2",3.023,0.56,1.168,0,1,1.75
"3",2.251,0.638,0.871,1,0,1.61
"4",4.88,0.134,1.853,0,0,2.217
"4",2.08,0.891,0.816,0,0,2.729
"5",2.876,0.928,1.372,0,1,1.737
"3",2.251,0.638,0.871,1,0,1.61
"5",4.139,0.496,1.43,0,1,4.206
"5",2.122,1.621,1.511,0,0,2.64
"2",4.061,0.134,1.658,0,0,-0.294
"5",3.067,1.286,1.309,0,0,2.223
"2",2.125,0.73,1.537,0,0,0.883
"3",3.452,0.331,1.098,0,1,2.54
"5",2.479,0.887,0.954,0,0,1.748
"5",3.528,1.74,1.288,0,0,0.626
"1",2.802,0.223,1.6,0,1,1.064
"3",3.609,0.811,1.208,0,0,3.291
"3",3.198,0.405,1.399,0,0,1.897
"2",2.888,0.251,1.771,0,0,1.398
"5",4.443,0.251,1.287,4,3,4.453
"5",1.783,0.57,1.187,1,0,2.033
"3",2.333,0.251,2.327,0,0,-0.241
"2",3.526,0.711,1.586,0,3,1.569
"2",3.526,0.711,1.596,0,3,0.757
"1",2.366,0.405,1.735,0,0,-0.534
"3",2.508,0.58,0.941,0,0,1.701
"5",4.436,0.764,1.227,0,1,5.258
"5",4.356,1.028,1.224,0,1,5.741
"2",2.183,0.93,0.846,0,0,1.395
"3",3.012,0.223,1.023,0,0,2.193
"3",2.508,0.58,0.941,0,0,1.701
"2",3.103,0.134,1.016,0,0,2.193
"5",3.05,0.405,0.868,1,3,2.233
"5",2.585,1.586,1.352,0,0,4.092
"5",1.962,1.345,0.783,0,0,3.617
"1",3.143,0.134,1.641,0,0,1.209
"5",2.803,1.501,1.124,0,0,4.053
"4",2.126,0.977,0.771,0,0,3.795
"5",4.532,0.405,1.189,2,2,4.639
"2",2.528,0.58,1.297,0,0,1.539
"2",3.103,0.134,1.016,0,0,2.193
"2",3.171,0.134,1.189,1,0,2.42
"2",3.103,0.134,1.016,0,0,2.193
"3",2.456,0.64,0.937,0,0,2.461
"1",3.26,0.251,1.287,0,1,1.994
"4",2.802,0.223,1.6,1,0,1.064
"1",3.08,0.223,1.583,0,1,1.442
"2",3.046,0,1.333,4,0,2.352
"3",2.217,0.659,0.788,0,0,1.758
"5",4.258,0.223,1.538,0,1,4.506
"5",4.717,0.223,1.288,1,1,4.804
"1",3.143,0.134,1.641,0,0,1.209
"2",3.423,1.19,1.993,0,4,-1.358
"3",3.332,0.134,1.068,0,0,2.242
"1",2.748,0.223,2.048,0,0,0.8
"5",4.135,0.58,1.263,1,2,2.904
"1",3.485,0.223,1.614,0,0,1.94
"4",2.377,0.827,0.938,0,0,2.239
"2",2.508,0.58,0.941,0,0,1.701
"3",2.377,0.827,0.938,0,0,2.239
"3",3.314,0.331,1.173,1,0,3.112
"4",3.788,0.693,1.365,0,2,2.576
"5",2.086,1.685,0.396,0,0,4.594
"5",2.26,1.443,0.902,0,0,4.926
"5",1.925,1.364,0.421,0,0,4.19
"4",2.377,0.827,0.938,0,0,2.239
"3",2.215,0.887,0.888,0,0,1.395
"4",3.905,0.56,1.399,1,0,2.65
"3",3.023,0.56,1.349,1,0,1.239
"2",2.726,0.496,1.179,0,1,1.06
"2",2.568,0.582,0.931,0,0,2.461
"4",2.636,0.827,0.999,0,0,2.573
"4",2.439,0.93,0.924,0,0,1.748
"3",2.781,0.711,1.147,0,0,1.515
"5",4.137,0.223,1.542,0,1,4.234
"4",1.733,1.077,0.81,0,0,3.11
"3",2.377,0.827,0.938,0,0,2.239
"3",2.215,0.887,0.888,0,0,1.395
"4",2.377,0.827,0.938,0,0,2.239
"2",2.11,0.58,0.805,0,0,1.61
"3",2.583,0.762,1.104,0,1,1.968
"3",2.11,0.58,0.805,0,0,1.61
"2",2.329,0.711,0.868,0,1,1.229
"2",2.512,0.134,0.862,0,0,1.506
"1",1.512,0.57,0.879,0,1,-0.317
"4",2.092,1.359,2.273,1,1,1.246
"1",1.774,0.429,2.299,0,0,-0.41
"4",3.052,0.638,0.903,0,0,3.237
"4",3.314,0.331,1.397,3,0,2.048
"2",3.554,0.629,0.945,0,0,3.315
"1",2.726,0.496,1.179,0,1,1.06
"1",2.983,0.496,2.106,0,0,-0.521
"5",2.778,0.83,1.046,0,0,3.562
"2",2.634,0.223,1.298,0,0,0.943
"4",2.08,0.891,0.816,0,0,2.729
"2",2.536,0.496,1.482,0,1,0.204
"1",2.034,0.64,1.727,0,0,0.8
"3",2.755,0.83,1.656,0,0,2.957
"5",1.892,1.441,0.776,0,0,3.426
"4",3.402,0.604,1.517,0,0,3.451
"4",3.219,0.811,1.127,0,0,2.604
"1",3.137,0.251,1.335,0,0,1.141
"4",3.195,0.496,1.133,0,1,2.222
"2",1,1.15,0.968,0,1,0.996
"2",3.343,1.068,0.923,0,0,2.538
"5",2.126,1.278,0.896,0,0,4.634
"4",2.019,1.126,0.793,0,0,3.314
"5",2.217,0.764,0.859,1,0,2.269
"4",2.019,1.126,0.793,0,0,3.314
"4",2.025,0.932,0.851,1,0,2.212
"3",2.479,0.887,0.954,0,0,1.748
"1",1.946,0.223,1.929,0,0,-0.172
"4",3.651,1.151,0.911,0,2,2.278
"3",3.252,0.223,1.077,0,0,2.51
"5",2.987,1.076,0.921,0,1,3.318
"3",3.405,0.251,1.56,0,0,1.272
"2",2.43,0.496,0.849,0,1,1.237
"5",2.233,1.07,0.841,1,0,3.377
"4",2.065,1.062,0.852,0,0,2.463
"3",2.469,0.582,0.913,0,0,2.688
"3",3.08,0.223,1.583,1,0,1.442
"1",1.634,0.798,1.093,0,0,0.68
"4",3.596,0.972,0.941,0,1,4.179
"1",1.634,0.713,1.19,0,0,0.501
"4",3.675,1.112,1.314,0,1,3.474
"4",3.333,0.405,0.963,1,0,2.974
"1",2.396,0.223,1.778,0,0,0.347
"1",2.026,0.223,1.667,0,1,0.202
"1",1.751,0.629,1.483,0,0,-0.317
"5",2.189,1.586,2,0,0,3.291
"2",1.333,0.754,1.148,0,1,-0.386
"1",2.034,0.331,2.672,1,0,-0.273
"1",0.973,0.988,1.489,0,1,0.18
"5",3.828,1.259,0.966,1,2,4.279
"1",3.029,0.331,2.13,0,1,0.967
"1",3.003,0.134,1.413,0,0,2.242
"4",3.74,0.134,1.581,0,0,2.274
"1",2.555,1.11,1.686,0,0,0.289
"4",3.86,0.223,1.55,0,1,3.661
"4",3.98,0.223,1.723,0,0,2.894
"1",1.783,0.331,1.667,0,0,0.087
"1",2.126,0.251,1.719,0,0,0.087
"1",4.191,0.762,2.195,0,0,1.239
"1",3.065,0.923,1.317,0,0,1.271
"5",3.961,0.405,1.083,1,0,3.987
"5",3.005,1.683,0.774,0,0,4.804
"5",4.36,0.405,1.228,1,2,4.235
"2",3.027,0.331,1.011,0,1,1.807
"2",2.448,0.638,0.921,0,0,1.701
"2",3.461,0.223,1.111,0,1,2.357
"5",4.219,1.033,0.963,0,1,4.246
"3",2.479,0.887,0.954,0,0,1.748
"3",3.676,0.405,1.524,0,1,2.289
"4",3.033,0.693,1.312,1,0,1.21
"4",2.684,0.988,1.226,0,1,3.076
"1",2.396,0.223,1.778,0,0,0.347
"1",2.748,0.223,1.705,0,0,0.8
"1",3.035,0.223,1.662,0,0,1.209
"2",2.585,0,0.917,0,0,2.255
"2",1.439,1.079,1.867,0,0,2.226
"3",3.444,0.88,1.466,0,3,1.95
"5",5.158,0.134,1.791,0,0,3.118
"2",2.526,0.713,1.201,1,0,2.213
"5",3.593,1.236,1.166,0,0,4.268
"4",3.376,1.278,0.915,0,0,5.934
"1",3.98,0.452,2.013,0,0,-0.022
"5",4.305,0.223,1.348,3,2,3.909
"2",2.926,0.582,1.939,0,0,1.548
"5",4.166,0.134,1.556,0,0,4.098
"4",2.938,1.385,1.225,0,2,1.02
"5",4.536,0.223,1.29,0,0,4.907
"4",3.134,0.223,1.319,0,0,1.795
"1",2.165,0.134,1.912,0,0,-0.172
"1",1.126,0.134,1.431,0,0,-0.317
"2",1.429,0.223,1.75,1,0,-0.317
"1",1.429,0.223,1.804,0,0,-0.564
"1",1,0.83,1.432,0,1,1.672
"2",0.965,0.64,1.695,0,1,0.202
"1",3.001,0.134,2.92,0,0,-2.884
"1",2.748,0.223,1.705,0,0,0.8
"1",1.279,0.811,1.313,0,0,0.58
"2",3.08,0.223,1.583,0,1,1.442
"1",1.523,1.028,1.512,0,1,0.996
"3",1.832,1.209,1.364,0,0,-0.792
"4",1.701,1.443,1.905,0,0,2.957
"1",1.094,1.236,1.461,0,1,0.996
"5",2.931,1.71,0.935,2,2,5.124
"3",2.126,0.83,1.455,1,0,2.459
"2",3.641,0.331,1.933,1,0,1.971
"3",2.137,0.223,1.179,0,0,0.655
"4",3.514,0,1.375,2,2,3.038
"3",3.668,0.134,1.132,0,0,2.502
"2",2.632,0.429,1.176,0,0,1.074
"5",2.465,1.586,1,0,4,3.558
"1",2.33,0.58,1.776,0,2,-0.741
"2",3.465,0,0.963,4,0,3.267
"1",3.277,0.223,1.633,0,0,1.587
"1",2.866,0.223,1.288,0,0,1.442
"4",3.738,1.131,1.584,1,2,2.558
"2",2.08,1.033,0.902,0,0,3.157
"5",3.739,0,1.204,1,1,3.374
"1",3.191,0.223,1.154,0,0,1.737
"4",3.815,1.825,1.351,0,0,-0.45
"4",4.628,1.209,1.968,0,0,2.437
"1",3.41,0.223,1.278,1,2,1.947
"1",2.739,0,1.3,1,1,1.974
"1",2.748,0.223,1.705,0,0,0.8
"1",2.024,0.83,1.761,0,0,2.226
"1",2.665,0.251,1.762,0,0,-0.534
"1",2.748,0.223,1.705,0,0,0.8
"1",2.462,0.223,1.625,0,1,0.655
"1",2.377,0.331,1.734,0,0,-0.534
"5",3.2,1.531,1.059,0,0,3.089
"2",1.439,1.079,1.867,0,0,2.226
"2",1.126,1.079,1.44,1,1,2.081
"1",1.636,0.331,1.265,1,1,-0.38
"1",2.024,0.405,2.065,0,1,0.133
"3",1.5,1.278,1.868,0,0,2.604
"4",3.957,0.223,1.269,2,3,2.998
"5",3.383,1.408,0.892,0,0,4.804
"3",3.819,0.615,0.864,0,0,4.878
"5",3.044,1.028,0.959,1,0,3.762
"4",3.776,0.405,0.92,0,0,3.306
"5",3.39,0.934,0.889,0,0,4.436
"4",3.645,0.223,1.155,0,0,3.105
"2",3.921,0.251,1.398,0,0,1.622
"4",3.993,0.223,1.214,1,0,3.563
"1",2.507,0.405,1.652,0,2,0.888
"5",4.566,0.357,1.394,4,1,3.903
"5",2.377,1.278,0.974,0,0,4.658
"3",2.118,0.956,2.539,0,0,-0.406
"4",2.523,0.56,1.602,1,1,0.052
"5",3.361,0.223,1.342,0,0,2.129
"3",3.7,0.223,1.556,0,1,3.358
"3",2.818,0.83,1.386,0,0,2.899
"4",3.465,0,0.802,0,0,3.958
"3",3.003,0.134,1.032,0,0,2.152
"5",4.268,0.916,1.19,0,2,1.936
"4",3.26,0.405,0.921,0,0,2.782
"3",3.426,0.85,1.792,0,0,2.59
"5",3.888,0.693,0.978,0,2,4.633
"3",3.477,0.693,1.344,0,2,2.577
"5",4.05,0.693,1.381,0,2,3.618
"5",4.05,0.693,1.381,0,2,3.618
"4",3.557,0.331,1.301,2,1,2.209
"5",4.073,0.693,1.171,0,2,4.091
"3",2.744,0.496,0.753,0,0,3.018
"5",3.252,0.134,0.875,0,0,2.859
"1",2.815,0.56,1.585,0,2,0.43
"1",2.031,0.854,2.591,0,0,-0.816
"4",3.265,0.496,0.962,0,1,3.055
"4",2.085,1.079,0.895,0,0,4.063
"5",2.351,1.586,1.25,0,4,3.659
"1",2.822,0.811,1.524,0,0,-2.089
"1",3.315,0.916,1.753,0,2,-0.439
"4",1.417,0.898,0.648,0,0,2.042
"4",2.118,0.934,0.913,1,0,2.956
"4",1.925,1.16,0.801,0,0,3.314
"1",2.536,0.429,0.871,0,1,1.237
"2",2.43,0.496,0.946,0,0,2.241
"3",1.822,0.829,0.834,0,0,2.509
"1",2.125,0.638,0.831,0,0,1.348
"5",3.098,0.93,1.075,0,0,2.702
"5",3.26,0.811,0.702,0,0,4.412
"2",2.982,0.496,1.151,0,1,1.783
"4",2.019,1.126,0.793,0,0,3.314
"3",2.508,0.58,0.941,0,0,1.701
"4",3.461,0.223,1.12,0,0,2.813
"4",2.233,0.64,0.92,1,0,2.37
"4",2.477,0.405,0.876,1,0,1.667
"3",3.394,0,0.868,0,0,3.677
"4",2.937,0.499,0.8,0,0,3.945
"4",3.012,0.223,0.76,0,0,2.637
"4",3.315,0.223,0.799,0,0,3.127
"5",2.11,1.15,0.72,1,0,3.157
"4",4.278,0.405,1.345,0,0,3.546
"3",3.179,0,0.805,0,0,3.386
"2",2.834,0.134,1.009,0,0,2.066
"1",2.448,0.638,1.121,0,0,1.701
"3",3.921,0.134,1.789,0,0,2.502
"3",3.532,0.134,1.518,0,0,2.813
"2",3.585,0.331,1.491,0,0,2.224
"4",3.086,0.948,0.751,0,0,3.586
"4",3.465,0,0.837,0,0,3.876
"4",3.315,0.223,0.799,0,0,3.127
"1",1.855,1.179,1.44,0,0,1.587
"2",2.866,0.223,1.288,2,0,1.335
"2",2.137,0.223,1.179,0,0,0.655
"3",3.036,0.405,1.205,0,1,2.351
"4",3.111,0.405,1.05,0,2,1.756
"1",2.677,0.331,1.582,0,1,0.586
"5",1.962,1.345,0.783,0,0,3.617
"3",2.442,0.934,0.984,0,1,2.991
"3",3.171,0.134,1.011,0,0,2.186
"2",2.982,0.496,1.151,0,1,1.783
"4",3.874,0.638,1.352,4,1,2.575
"4",2.43,0.496,0.83,1,0,1.132
"1",2.435,1.113,1.109,0,1,2.354
"3",3.247,0.874,1.221,0,1,2.659
"3",2.928,1.113,1.185,0,1,2.927
"5",3.235,1.131,0.996,0,0,2.723
"2",3.177,0.629,0.871,0,0,3.315
"3",2.495,0.56,0.835,1,0,1.099
"2",2.233,0.57,0.883,0,0,1.501
"3",3.179,0,1.063,0,0,2.942
"3",2.728,0.223,0.953,0,0,1.859
"3",2.62,0.499,0.99,0,0,3.21
"3",2.126,0.83,0.899,0,0,3.478
"3",2.216,0.582,0.839,0,0,2.127
"3",2.62,0.288,0.839,0,0,3.045
"2",2.834,0.134,0.95,0,0,1.859
"3",2.086,0.64,0.838,0,0,2.127
"3",3.407,0,1.111,0,0,3.259
"3",3.012,0.223,1.023,0,0,2.193
"4",2.477,0.83,0.983,0,0,3.795
"4",2.477,0.83,0.983,0,0,3.795
"3",2.08,0.891,0.816,0,0,2.729
"1",2.888,0.251,0.944,0,0,1.246
"4",2.08,0.891,0.816,0,0,2.729
"5",2.126,1.278,0.896,0,0,4.634
"5",1.925,1.16,0.801,0,0,3.314
"5",3.69,0.223,0.883,0,0,3.887
"3",3.814,0.331,1.225,0,1,3.345
"4",2.888,0.405,1.472,1,2,1.522
"3",2.824,0.223,1.051,0,0,1.533
"2",1.855,1.067,1.244,0,0,1.587
"3",2.802,0.223,1.6,1,0,1.064
"2",1.92,1.079,1.738,0,0,2.604
"1",2.802,0.223,1.6,0,1,1.064
"1",2.435,0.331,1.532,0,1,0.586
"1",3.611,0.331,2.017,0,0,1.393
"3",2.215,0.887,0.888,0,0,1.395
"5",3.16,1.028,0.809,0,0,3.842
"3",3.26,0.405,1.151,1,0,2.11
"2",1.965,0.405,1.169,1,0,-0.145
"2",1.783,0.629,0.75,1,0,0.736
"3",2.348,0.762,0.85,0,0,2.621
"4",3.461,0.223,1.12,0,0,2.813
"3",3.407,0,1.111,0,0,3.259
"1",2.824,0.223,1,0,1,2.102
"2",2.233,0.64,0.92,0,1,2.102
"2",2.08,0.496,0.858,0,0,1.887
"2",2.434,1.17,0.996,1,0,1.391
"1",2.765,0.331,0.951,0,1,1.49
"2",2.43,0.496,0.946,0,0,2.241
"5",2.252,1.075,0.885,0,0,2.005
"2",2.508,0.58,0.941,0,0,1.701
"2",2.508,0.58,0.941,0,0,1.701
"4",2.251,0.638,0.871,1,0,1.61
"3",2.094,0.827,0.86,0,0,1.886
"4",3.739,0,1.25,2,2,3.267
"2",3.332,0.134,1.519,0,0,2.51
"2",2.43,0.496,0.946,0,0,2.241
"4",2.815,0.56,1.585,1,1,0.43
"1",1.5,0.405,1.669,0,1,-0.386
"3",3.126,0.693,1.69,2,2,1.024
"3",3.86,0.223,1.429,0,0,2.502
"2",1.814,1.316,1.074,0,1,1.119
"5",3.69,1.159,1.295,0,2,4.449
"5",4.211,0.932,1.045,0,1,4.832
"2",2.16,1.16,1.607,0,0,1.94
"5",4.327,0.56,1.254,2,5,3.399
"5",3.057,1.636,0.995,0,2,4.452
"2",3.401,0.732,1.185,0,1,2.791
"5",2.086,1.501,0.766,0,0,3.909
"1",3.08,0.223,1.462,2,0,1.442
"2",3.41,0.134,1.722,0,0,-1.174
"5",3.101,1.535,1.326,0,1,1.655
"5",3.599,0.702,1.514,2,1,3.247
"2",2.986,0.961,1.669,0,4,1.798
"5",2.804,1.11,0.618,0,6,1.317
"2",3.67,0.728,2.11,0,3,2.288
"4",3.475,0.405,0.875,1,2,3.148
"2",2.801,0.728,2.226,0,2,0.736
"3",3.652,0.872,0.867,2,3,3.983
"4",3.763,0.916,0.878,0,6,2.918
"5",2.831,1.393,1.077,0,1,0.906
"5",4.057,1.032,1.183,1,3,4.754
